"x","y","Layer","cell_count","Dominant","ct_count","Astro","Endo","L2/3","L4","L5","L6","Oligo","Pvalb","Smc","Sst","Vip","dominant_hat"
1,1,"HPC",2,"Astro",2,0.324701165151784,0.174009907858961,0.13417499297958,0.000126772235370904,0.22188490080757,0.000126772235370905,0.000126772243207147,0.0221490143182672,0.0365871967893929,0.008620820239198,0.0774916851412984,"Astro"
1,10,"L5",7,"L5",4,0.141773003504087,0.0182173284773563,0.000333079374302792,0.0281517389960594,0.326188962006827,0.165674877413047,0.0758318887460911,0.118036402723559,0.029465872231676,0.0485135433816774,0.0478133031453165,"L5"
1,11,"L5",7,"L4",3,0.0761623328250273,0.0102811539750578,0.000242962555431331,0.219543938993288,0.259575229400819,0.134253373436352,0.0174739393975583,0.140783760708436,0.0311361750425998,0.0264062018305143,0.0841409318349156,"L5"
1,12,"L4",7,"L4",3,0.0713380979594416,0.0216478003249052,0.000208157335072007,0.436469868453664,0.041669677660373,0.0904979252725534,0.0401118530873781,0.0696065800303838,0.0472178775811975,0.15664773940875,0.0245844228862811,"L4"
1,13,"L4",11,"L4",4,0.093444850459729,0.0126146514887018,0.0869022910723335,0.40267351668921,0.117594320302214,0.0420523384559944,0.0197050144521205,0.10209414656619,0.0332481758936573,0.0238338826463234,0.0658368119735266,"L4"
1,14,"L2/3",7,"L2/3",2,0.0729825806204899,0.0230139787137121,0.200539991244323,0.314597428087455,0.0872194100194932,0.0985758873924201,0.0139865831999532,0.0365927745034218,0.0417413719772653,0.0207027667438399,0.0900472274976264,"L4"
1,15,"L2/3",9,"L2/3",4,0.078288570248974,0.0509019193133022,0.3074083465471,0.121551538838174,0.00763135997034592,0.119571738006473,0.0233773031401398,0.027305469507438,0.0449888298248169,0.181294086968973,0.0376808376342624,"L2/3"
1,16,"L2/3",7,"L2/3",2,0.0927295519338935,0.0540775660458627,0.408830373942261,0.107127266946597,0.047417063305699,0.060303660568671,0.0218131119942559,0.0600295239864759,0.0353362358930709,0.0582563902399283,0.0540792551432841,"L2/3"
1,17,"L2/3",8,"Endo",6,0.124200531794845,0.0432366124049147,0.25315225189195,0.135168918618295,0.0503975119126989,0.16550786047764,0.0220135999214021,0.0715246787145306,0.0476290964298594,0.0182064750684413,0.0689624627654232,"L2/3"
1,18,"L1",6,"L2/3",5,0.101483491678542,0.0554657029131543,0.198002416716164,0.130287052794065,0.0231149519002571,0.169207387570177,0.0134945248573957,0.0240157799001601,0.04658528161397,0.0939401273950441,0.14440328266107,"L2/3"
1,2,"HPC",10,"Astro",6,0.237330544095309,0.0499262569865872,0.000535266102033754,0.0943099378475652,0.13121327802954,0.0738181867951649,0.0905750674632588,0.0771400435349365,0.0546178403440622,0.105864806089263,0.0846687727122797,"Astro"
1,3,"I_CC",6,"Oligo",1,0.122414807912846,0.0306036901604163,0.000423670679233995,0.0579074510328688,0.136356297583933,0.0292620623094662,0.375948474048459,0.0937909733022546,0.0497219209050568,0.0534894657077873,0.050081186357678,"Oligo"
1,4,"I_CC",7,"Oligo",2,0.251676530205039,0.0276250987759792,0.0440736132857811,0.000428147921330584,0.0873846335275107,0.024906063844196,0.276678031647975,0.116408332582449,0.0584345717511638,0.0468885334929585,0.0654964429656178,"Oligo"
1,5,"L6",12,"L6",4,0.0755981579953191,0.0405274137847155,0.000329793082187413,0.043984248699921,0.0801910952776095,0.380324339021326,0.0620243791793689,0.0614015056757386,0.0423372028580447,0.154283549193882,0.0589983152318878,"L6"
1,6,"L6",9,"L6",2,0.09115160853083,0.0159110579075432,0.0095426794616465,0.0912288833373279,0.140701324056953,0.463740777593136,0.0204381977943636,0.0507568892703963,0.0440056115297415,0.0312597277180679,0.0412632427999944,"L6"
1,7,"L6",8,"L6",3,0.0736511561265035,0.016707421577246,0.000171257776024416,0.0669345781373516,0.0527987410017144,0.535710395889628,0.0452266666345778,0.0860934144699991,0.0348303737015957,0.0386302507314945,0.0492457439538655,"L6"
1,8,"L6",8,"L6",4,0.0975426018701171,0.0222611752506025,0.0170447952613756,0.128640418217017,0.147095623073055,0.281778108665469,0.063051626950967,0.0820282353859291,0.0396051056416093,0.0388034440455155,0.0821488656383427,"L6"
1,9,"L5",4,"L6",3,0.0986218664638995,0.0156924324471907,0.0232847824591155,0.074447124039306,0.258551665074458,0.186238048487974,0.0533793672239366,0.189103128494791,0.0372471817548768,0.0327545713854635,0.0306798321689878,"L5"
2,1,"HPC",2,"Astro",2,0.254464488377056,0.000174960288660958,0.000174960288660955,0.000174960288660959,0.186983630518386,0.000174960288660957,0.00565012984693953,0.157000391688702,0.0468967903115436,0.000174960288660958,0.348129767814068,"Vip"
2,10,"L5",6,"Oligo",3,0.0999289553653317,0.030729828376942,0.0424923924577763,0.0305771424510187,0.397648835088534,0.000242239666791216,0.199194640714761,0.104196681776915,0.0353124690936074,0.0355732517472288,0.0241035632610933,"L5"
2,11,"L4",9,"Endo",3,0.154221007579339,0.0884189764238541,0.00655286383760274,0.116121411733898,0.4091572504535,0.000232060845186617,0.0220997711706647,0.0569807270595736,0.0274366117109863,0.0392102342457644,0.0795690849396301,"L5"
2,12,"L4",6,"Endo",3,0.0956148447418855,0.124621385803275,0.000315286313395222,0.311825221939467,0.120432953220437,0.0668231751523485,0.0225258931030509,0.139702638767216,0.0468428045489721,0.0385411599540818,0.0327546364558707,"L4"
2,13,"L4",10,"L4",3,0.100811566949227,0.0884095171653062,0.0257315937879445,0.366957280877776,0.035166236509507,0.0783860475259947,0.0228595995989703,0.168664703137733,0.0520803127521473,0.0197578471075852,0.041175294587808,"L4"
2,14,"L2/3",8,"Endo",4,0.118507067723243,0.126256478830753,0.140476980075973,0.232027025198206,0.0409788920727334,0.0921663069765073,0.0173900617525544,0.130508675726788,0.0329443211457711,0.0251781248002471,0.0435660656972249,"L4"
2,15,"L2/3",8,"Endo",4,0.155861086109835,0.077662759343806,0.272680659951082,0.139961983988127,0.108370717857181,0.0151786815663124,0.0292772128363616,0.0647891541916377,0.0497187343641243,0.0403703006489567,0.046128709142576,"L2/3"
2,16,"L2/3",10,"L2/3",4,0.110587290555592,0.0634356050677824,0.386663190032171,0.123136551197632,0.0702263841773349,0.000221166964993774,0.0253413872924101,0.102551863766763,0.0421741671783567,0.020299220441043,0.0553631733259217,"L2/3"
2,17,"L2/3",9,"Endo",5,0.0655115518168801,0.0850545593272769,0.235079133653441,0.0948576320501797,0.0615881720212493,0.124474437831789,0.0372202902190827,0.206026284953398,0.0327500962626644,0.00550622435674956,0.05193161750729,"L2/3"
2,18,"L2/3",9,"Endo",3,0.121001169416281,0.113348868988741,0.223669181972041,0.148021548360416,0.0696132292744205,0.0843896695339805,0.0211155306680637,0.0811480466673421,0.0567915580633015,0.0259451015847002,0.0549560954707123,"L2/3"
2,19,"L1",3,"Endo",2,0.204107008479589,0.137417048068518,0.0947480780594111,0.0148174479236858,0.139454252141667,0.0581554442952701,0.0138912574169814,0.129290367427933,0.0384820795040027,0.0495858193844031,0.120051197298538,"Astro"
2,2,"I_CC",9,"Astro",4,0.289391102117895,0.0363216308290909,0.0478286454026966,0.0128041614805992,0.118791929006034,0.0571067717870259,0.110082658369517,0.0638790307091569,0.0212327601534651,0.167587041598218,0.0749742685463015,"Astro"
2,3,"I_CC",6,"Oligo",2,0.189774201356502,0.01927469185639,0.000204860777026736,0.000204860777026735,0.231121118608892,0.000204860777026734,0.339742589032,0.0112655378485064,0.0495484401388448,0.116197720062496,0.0424611187652887,"Oligo"
2,4,"I_CC",4,"Oligo",1,0.0883702578668406,0.0444816506944372,0.000333199772806816,0.0563759271681487,0.197724171159832,0.000333199772806913,0.388269622691645,0.0604684620733082,0.0349969724058585,0.0837314609348205,0.0449150754594954,"Oligo"
2,5,"L6",10,"L6",3,0.113864800886852,0.0248489192138452,0.000227788022085175,0.0742643924847062,0.0594360379195338,0.432448126310617,0.0516724576781579,0.097573203157049,0.0540753537827605,0.0460370107896219,0.0455519097547708,"L6"
2,6,"L6",6,"L6",3,0.066243191848818,0.0226990876889962,0.00589041322550725,0.121917354269223,0.100839354505035,0.434502928637695,0.0159422997394657,0.0582741164550027,0.0317910449914148,0.0706432224320036,0.071256986206839,"L6"
2,7,"L6",12,"L6",1,0.0654435539282899,0.0194022607411843,0.000149189903781853,0.064912703819202,0.0635794928267346,0.583493519303662,0.0185565183412986,0.079480448816037,0.04232109141246,0.0173087628462025,0.0453524580611469,"L6"
2,8,"L6",8,"L6",4,0.0735384604857103,0.0176254425029844,0.000340232657654352,0.0876640977922649,0.247099232973272,0.31229740462197,0.048063119045418,0.0958768193180495,0.0521647871669725,0.0335699613174518,0.0317604421182513,"L6"
2,9,"L5",4,"L6",3,0.0954400538871072,0.0580154682535602,0.0314015200945054,0.000185075659624952,0.503500054332189,0.0756324539038145,0.038777470390331,0.0638392899151526,0.0188351902493571,0.0692652715143993,0.0451081517999587,"L5"
3,10,"L5",7,"L5",4,0.103639924663622,0.0191265945715578,0.0634818908960709,0.00030377861242471,0.490936920659508,0.000220919393547097,0.0133099348961125,0.11068105232798,0.0300838065220765,0.0317250078125901,0.13649016964451,"L5"
3,11,"L5",5,"L4",3,0.102348110116767,0.0123995806469218,0.0478105635928189,0.156873884375843,0.384644233250002,0.00518042319338301,0.0158592519445566,0.156088521032514,0.0370624507294005,0.0176825179271471,0.0640504631906452,"L5"
3,12,"L4",12,"L4",4,0.108152549565601,0.023267048646526,0.000151337714491031,0.422506482283351,0.0549646135913432,0.0989258815983436,0.0158725525709595,0.185972606596687,0.0340729145033954,0.00374357324723493,0.0523704396820676,"L4"
3,13,"L4",9,"L4",5,0.0755431937113726,0.0313812701484768,0.000207351637209863,0.377064859269505,0.000240787778921688,0.193451432407345,0.0354065484247621,0.194988755284212,0.0269896881564106,0.0201712817509923,0.0445548314307918,"L4"
3,14,"L2/3",8,"Endo",5,0.103556295613851,0.067101860694481,0.263811971986564,0.232697645747583,0.00197886780343934,0.0241465741712144,0.0220236668609818,0.14989563160652,0.0277072812066513,0.0391014257363889,0.0679787785723248,"L2/3"
3,15,"L2/3",7,"L2/3",3,0.0789894773237982,0.0260458734795425,0.260537649105522,0.108466860132304,0.0319799239902772,0.0889389477441786,0.00748293983103656,0.266178372796335,0.0360814454926846,0.0632293975119882,0.0320691125923335,"Pvalb"
3,16,"L2/3",9,"L2/3",3,0.0691867440240302,0.0116862212095492,0.367979606751649,0.205657430276031,0.0096019218648266,0.0444240523319912,0.0451130474943457,0.0879628372485157,0.0273020375142628,0.0205325904063694,0.110553510878429,"L2/3"
3,17,"L2/3",10,"L2/3",4,0.0764530546634479,0.0234166935458266,0.324394609501828,0.0665082777552947,0.0118307425613161,0.153131395919392,0.00757471906003329,0.036187670586566,0.0422849231248116,0.171469623102039,0.0867482901794446,"L2/3"
3,18,"L1",1,"Astro",1,0.508933793810359,0.0468410296460827,0.0763333743036941,0.131886816621028,8.47416634021358e-05,8.47416634021369e-05,0.0139605801526288,0.0708429562423977,0.0744218639041144,0.0272265611299441,0.0493835408629476,"Astro"
3,19,"L1",2,"Astro",2,0.393685735176432,0.140741108179005,0.000180551435830878,0.13638698366006,0.0517814279613302,0.000180551435830878,0.0167066198273664,0.147135152777045,0.0281631108906889,0.000180551435830878,0.0848582072205796,"Astro"
3,2,"I_CC",3,"Oligo",2,0.112540690972344,0.0362828493310409,0.012092879546751,0.000566043136137023,0.239837503852567,0.0755569261270139,0.204409355607499,0.139213612568451,0.03470874064784,0.0393159475971865,0.105475450613169,"L5"
3,3,"I_CC",9,"Oligo",2,0.176338040174041,0.0246348207490276,0.0728067619255342,0.000451384892172912,0.0766790609676867,0.027419007327554,0.345147379411391,0.0869898939317732,0.0454816669481456,0.0468198181742098,0.0972321654984639,"Oligo"
3,4,"I_CC",5,"Oligo",4,0.246750259784742,0.0813823168141489,0.000291166159000928,0.000291166159000928,0.158855078033839,0.115457196613766,0.212444993084566,0.0378816382952233,0.0746592406119748,0.0323057034907558,0.0396812409529829,"Astro"
3,5,"L6",11,"L6",3,0.106786282154864,0.0165095302450607,0.000345750245462584,0.0355764758014784,0.153699143157912,0.408540867837011,0.0743918298102581,0.026800941722745,0.058871842494173,0.0648281389696783,0.0536491975613562,"L6"
3,6,"L6",8,"L6",1,0.0831452894955906,0.0139507395359404,0.0440428436272249,0.0596229542679913,0.0242114276614258,0.537016840115213,0.0349333831850344,0.0936006927924557,0.043017114437424,0.0287247370840028,0.0377339777976971,"L6"
3,7,"L6",7,"L6",4,0.111661906984942,0.0289209294093642,0.0199505028331065,0.0722443502008958,0.0875277233895902,0.390565658015872,0.0350818882171567,0.181356227334162,0.0290259547205366,0.0149197607210671,0.028745098173307,"L6"
3,8,"L5",5,"Astro",2,0.203040066538012,0.0367558211720958,0.000335383016974455,0.0905074400195638,0.0610482942603684,0.342755843714622,0.0429792144124913,0.105961230429177,0.0444871168074992,0.0275335634281302,0.0445960262010649,"L6"
3,9,"L5",6,"L5",4,0.179654877608409,0.0243961576570397,0.00745338577091813,0.000228956437907363,0.378149413439279,0.0682121510742869,0.0524855887717925,0.073644503280159,0.0234746199505978,0.106971562963049,0.0853287830465614,"L5"
4,1,"HPC",1,"Oligo",1,0.0750940022303599,0.0290441707801665,0.070934773564056,0.000413493091892229,0.144904582435678,0.286191218397568,0.2456096884819,0.0765688486386108,0.000413493091892358,0.000413493091892231,0.0704122361959842,"L6"
4,10,"L5",6,"Astro",4,0.107403913145647,0.0194731522658198,0.139870613705469,0.000358707274938799,0.381583499244668,0.100758044300581,0.00712279752180643,0.149274193643595,0.0153673059826387,0.044656996653854,0.034130776260982,"L5"
4,11,"L4",8,"L4",4,0.072440408771655,0.0522945001416751,0.000151171011420829,0.410101363898348,0.174911663390793,0.0179581236326673,0.0561630097812,0.0714697729739788,0.027441156571006,0.0417434271944289,0.0753254026328262,"L4"
4,12,"L4",9,"L4",3,0.127670040386655,0.0348863614969343,0.058198300300981,0.465956652675674,0.0397419384516075,0.00017900859401525,0.0322098615547708,0.106191194557974,0.044704166851585,0.046937700378295,0.0433247747515081,"L4"
4,13,"L4",12,"L4",3,0.0856750401645265,0.0318859398911646,0.0824879431935192,0.511555533902273,0.0516682298713837,0.0290131739953953,0.0424772169431872,0.0534575268708592,0.0279764859746066,0.0278882576177928,0.0559146515752919,"L4"
4,14,"L2/3",10,"L4",3,0.113472240528165,0.00844837172751984,0.0854097713598061,0.339856232495301,0.0631235226983587,0.12751955388098,0.0218644546681815,0.117005113592287,0.0446170900568629,0.0340867758503134,0.044596873142224,"L4"
4,15,"L2/3",9,"L2/3",5,0.114530149519145,0.0384202077514317,0.399817187080091,0.149060200579717,0.000227906812801131,0.00025635985004066,0.0182850436896993,0.0508599604718945,0.0431462098019091,0.0789213220269641,0.106475452416307,"L2/3"
4,16,"L2/3",10,"L2/3",6,0.111636659946563,0.0328438642242308,0.225729405116953,0.140833636133623,0.0643290980497092,0.0692506933682194,0.0344656597133262,0.171209059620576,0.0320038149556566,0.0440641284738791,0.0736339803972635,"L2/3"
4,17,"L2/3",10,"L2/3",2,0.074763211553579,0.0321872791557766,0.520736278721608,0.0414517764138962,0.00413336056745315,0.0994263745983318,0.024885252895396,0.0560682856405608,0.0395446211382816,0.0505438752464168,0.0562596840686998,"L2/3"
4,18,"L1",3,"Astro",3,0.260102650272776,0.0367859387568891,0.097766387933107,0.124799959848603,0.0869984398895468,0.0992199917237722,0.0301027323635059,0.0999765478862317,0.0337170536442421,0.00356174726873467,0.126968550412591,"Astro"
4,19,"L1",2,"Astro",2,0.363563627605518,0.000191514254713629,0.000191514254713628,0.00180743704333843,0.149984911248385,0.107608609978906,0.12650531478138,0.0677587652615596,0.0408841960052753,0.000191514254713629,0.141312595311497,"Astro"
4,2,"I_CC",4,"Oligo",3,0.174748394144972,0.0445618444943356,0.0848989770339193,0.0111839965275785,0.24430307514623,0.000522229582373857,0.150710186097741,0.0904138209196605,0.0425138707653362,0.0434605795493646,0.112683025738489,"L5"
4,3,"I_CC",4,"Oligo",1,0.154092102734639,0.0592096912679966,0.0631721664018572,0.0360848644514428,0.065246480689104,0.000687244089536815,0.345132351449416,0.000687244089536815,0.0764563748630405,0.103907027353425,0.0953244526100059,"Oligo"
4,4,"I_CC",5,"Oligo",1,0.0491174395781037,0.0335379655986928,0.000212293595696936,0.0221507592014626,0.187101270598216,0.000212293595696935,0.411672141036706,0.137760005656005,0.0482074904589794,0.0366071595770778,0.0734211811033632,"Oligo"
4,5,"I_CC",9,"L6",4,0.0862877911233852,0.0401111609781821,0.000337197394364219,0.0197650869449216,0.175831916367075,0.338758057403016,0.083353417086676,0.073614322271169,0.0317439362661849,0.110920905114366,0.0392762090506601,"L6"
4,6,"L6",5,"L6",3,0.106233124619819,0.0223351930201222,0.113237628590506,0.149365600873788,0.000359309665961204,0.411040510152271,0.0196243599664761,0.093692291128225,0.0307879535324419,0.0153876307882999,0.0379363976620902,"L6"
4,7,"L6",6,"L6",1,0.0777868826829014,0.0228707977153529,0.0226027492101805,0.0836445058002313,0.0615963940230732,0.512125795038481,0.0164297606267733,0.106021399896777,0.0409765637428442,0.014991424866966,0.0409537263964186,"L6"
4,8,"L5",4,"L5",3,0.0941061571466199,0.00021747404741656,0.000217474047416561,0.107175922269298,0.280995590146659,0.211935254543815,0.0576054355756424,0.0909340803608901,0.0533238243693648,0.0377923741821595,0.0656964133107175,"L5"
4,9,"L5",10,"L6",5,0.0782512284105397,0.0328177716771491,0.000178551572569383,0.000200695885269793,0.515863735569116,0.0530960810470477,0.0801109547366724,0.100790227157054,0.0387087330451724,0.0249446333661992,0.0750373875332102,"L5"
5,1,"HPC",1,"L5",1,0.072595418183337,0.0141020752700403,0.00033770405261278,0.000448625504053134,0.285346615739409,0.235556458248741,0.0137419746436699,0.145160305364987,0.0405207625862227,0.0687033327793894,0.123486727627538,"L5"
5,10,"L5",5,"Astro",3,0.137663496767561,0.0323350090651071,0.032088453855576,0.0928010471955863,0.249977935372562,0.132924162239759,0.0710578269167218,0.139480074735092,0.0412371976742291,0.0257718491936098,0.0446629469841957,"L5"
5,11,"L4",11,"L4",4,0.0961377155646283,0.034440350279586,0.000157282024873276,0.384205423037435,0.0397585335063823,0.0643508340315962,0.0423356709243281,0.0753430845329492,0.0352892593535437,0.17689950863263,0.0510823381120482,"L4"
5,12,"L4",11,"L4",2,0.107110255599012,0.00961876119938904,0.0317329880958622,0.499020836024208,0.16065388787327,0.000120082973439083,0.0314703155955778,0.0314090867232628,0.0323746996211363,0.0412917932137554,0.0551972930810877,"L4"
5,13,"L4",7,"L4",3,0.0929969970762829,0.0268049857644514,0.000111642082416462,0.513600360718474,0.0411788389460367,0.107270767370456,0.0178259412098668,0.0808004826924707,0.0413094014340785,0.0505209948741362,0.0275795878313296,"L4"
5,14,"L2/3",4,"L2/3",3,0.0824484835762547,0.0412328072277154,0.300313253865905,0.279959199854545,0.000239091689665532,0.00023909168966554,0.0721355713940638,0.123888201326197,0.0360372476471871,0.0245687282024095,0.0389383235263921,"L2/3"
5,15,"L2/3",4,"L2/3",1,0.110798968926344,0.0346971214563632,0.345309955341674,0.185368558256454,0.0535428871996665,0.0443574740148034,0.0137219441358326,0.0713381069726218,0.0419063621065486,0.0527779298090103,0.0461806917806808,"L2/3"
5,16,"L2/3",1,"L2/3",1,0.106400580881738,0.000245637471277708,0.317268782560745,0.000245637471277708,0.000245637471277707,0.0404758151060366,0.00206879178436214,0.107532167681915,0.151872428760736,0.122783815326346,0.150860705484289,"L2/3"
5,17,"L2/3",8,"L2/3",2,0.158866215826905,0.0342128324969618,0.321825296530996,0.104338820417373,0.0879423025791018,0.0260280419025836,0.0210591248972127,0.087742728123274,0.0397107745153212,0.037409158840789,0.0808647038694816,"L2/3"
5,18,"L2/3",2,"Astro",2,0.339671171698463,0.054730997226585,0.0209629696617909,0.267178178810999,0.000176289127937433,0.0141724777904346,0.0614065362535817,0.194146791281949,0.000176289127937434,0.000176289127937432,0.0472020098923838,"Astro"
5,19,"L1",2,"Astro",2,0.18593599564068,0.0470839435344704,0.0339867751934116,0.190606715820336,0.0216070087248635,0.000588343600043905,0.227078383466141,0.119595206265384,0.0732753023675936,0.0334757054458973,0.0667666199411794,"Oligo"
5,2,"HPC",5,"Astro",2,0.26812490504407,0.0249160306148135,0.000365179257723019,0.0364589775876732,0.208132010442502,0.0431381278517198,0.073949801971128,0.105022725547478,0.044684285408386,0.0924931747751692,0.102714781499338,"Astro"
5,3,"I_CC",6,"Oligo",2,0.18072323573355,0.0880558050704611,0.0024675120420038,0.093181583805643,0.0472422612457986,0.00747218044819501,0.257757945853663,0.0570652191936758,0.0328115619742843,0.158737548603004,0.074485146029721,"Oligo"
5,4,"I_CC",10,"Oligo",1,0.182715361143869,0.0483852867975992,0.000418276087368359,0.00558441068275847,0.175198038637637,0.111147696085406,0.24547781778556,0.035246828440912,0.065350949386579,0.0539858615975711,0.0764894733547386,"Oligo"
5,5,"L6",10,"L6",4,0.0897324816668661,0.0330524135868145,0.00643025793543383,0.00972832014661767,0.220376768487753,0.359930893610272,0.0349982349465115,0.111730038053974,0.051603266129346,0.03148553828713,0.0509317871492815,"L6"
5,6,"L6",7,"L6",2,0.0845667964441942,0.0425256895652094,0.000221590529535673,0.073245844784119,0.14271881889311,0.404562692698161,0.0256990219558729,0.0755272242989728,0.0321697864303926,0.0513908297570978,0.0673717046433349,"L6"
5,7,"L6",5,"L6",4,0.162183286064754,0.039260680874488,0.0301684631057542,0.0466487602557604,0.10246193559628,0.253054453016412,0.0172419377759529,0.23473639499678,0.0369677322857531,0.0330733387325227,0.0442030172955426,"L6"
5,8,"L5",5,"Astro",5,0.122448081268922,0.0514323514274077,0.0450402032884255,0.00816715891062083,0.0819183396663676,0.211387374994627,0.0158522953511012,0.273002750520917,0.0285523067896699,0.0760763112575637,0.086122826524378,"Pvalb"
5,9,"L5",5,"L5",2,0.144597961762842,0.00808054155977873,0.0259398707509462,0.0394288681431754,0.479367238818233,0.0287558213827286,0.0223082534357131,0.104073104978839,0.0288287856881127,0.0719092936248045,0.0467102598548259,"L5"
6,1,"HPC",3,"Endo",3,0.077343662602783,0.130657052090813,0.0003660473479978,0.000366047347997814,0.238754719038723,0.217766832975797,0.0846231836114951,0.0659584168657383,0.032983849744468,0.0533617285101664,0.0978184598640204,"L5"
6,10,"L5",8,"L5",4,0.111418919383684,0.0225348932949155,0.0827135866880436,0.0882191338057183,0.20986529907992,0.0368394873698014,0.0777962753032893,0.28367965347852,0.0197712589268189,0.0179945875661603,0.0491669051031283,"Pvalb"
6,11,"L4",11,"L4",3,0.12213797995483,0.0182175392430706,0.000225332158720714,0.396189553845125,0.000225332158720708,0.134392553653257,0.0177111577507217,0.167224237410741,0.0425563042441814,0.0408048083291819,0.0603152012514501,"L4"
6,12,"L4",9,"L4",4,0.0926146552476174,0.0333601827880193,0.000149060765188089,0.449433869978758,0.0727466749696936,0.0596976061669533,0.0262162403591493,0.108965436652994,0.0389228481653742,0.0699885633985684,0.0479048615076836,"L4"
6,13,"L4",12,"L4",4,0.103076643253179,0.0311212361995031,0.0721941253188151,0.389501438790031,0.000145031130903494,0.106123394102827,0.0203786072451454,0.0755854814795652,0.0398254557963531,0.131296777530365,0.0307518091533116,"L4"
6,14,"L2/3",10,"L2/3",4,0.13231325173069,0.0248984011966096,0.15791509076406,0.211533130805247,0.0811584915749237,0.0606468524009568,0.023744419834287,0.0854084693297464,0.0455328025582192,0.07206495890044,0.104784130904821,"L4"
6,15,"L2/3",7,"L2/3",2,0.0909202213915115,0.0437600133259789,0.254103049092286,0.245667389689941,0.019829422475226,0.0468178644079309,0.021493492370445,0.101118694581575,0.0358636809246355,0.0517725136091717,0.088653658131298,"L2/3"
6,16,"L2/3",8,"L2/3",2,0.0723466194846199,0.0433760925926715,0.419835921954339,0.167613204902914,0.00679441635800283,0.00727384887604072,0.0455913057713071,0.0830333604949518,0.042952297095105,0.0123609972331306,0.0988219352369175,"L2/3"
6,17,"L2/3",5,"L2/3",2,0.101260061790738,0.0189186486990051,0.200439075175466,0.152503639617632,0.0377061321589863,0.212259490120422,0.0210455068110335,0.0553479133560534,0.0499386581810889,0.0819146088002039,0.0686662652893705,"L6"
6,18,"L2/3",6,"Endo",2,0.249505183587414,0.151501687891368,0.0669317084720188,0.112865128114614,0.0224441223947191,0.109871658856817,0.0590629416097339,0.0682389655310488,0.039934405265943,0.0529325544311336,0.0667116438451898,"Astro"
6,2,"I_CC",8,"Oligo",3,0.222755790817058,0.0843966358600377,0.0390823879082834,0.000290701375536363,0.142316303004493,0.000290701375536362,0.264421041868576,0.114054755632171,0.0354755085681638,0.0440737965781176,0.0528423770120269,"Oligo"
6,3,"I_CC",6,"Oligo",2,0.263440147066768,0.00699802629704374,0.000449797953536169,0.0273520002130642,0.14568774579553,0.0319869836647373,0.322181921644078,0.0463800531697003,0.0374713298734354,0.0353913871194236,0.0826606072026832,"Oligo"
6,4,"I_CC",4,"Oligo",2,0.0946897486115184,0.0456945788866869,0.0138432311111272,0.000695047321781894,0.19397688419053,0.296511299956716,0.189602268135901,0.0713508397326107,0.0296854833474961,0.0387079002215124,0.0252427184841198,"L6"
6,5,"I_CC",8,"L6",2,0.0737507335217283,0.0371597410211028,0.000239347557439909,0.050942849646678,0.115062989635987,0.44357280227838,0.09603809802307,0.0946408240956795,0.0429157304276056,0.000239347557436942,0.0454375362348921,"L6"
6,6,"L6",10,"L6",5,0.106933318719927,0.0315488917074754,0.0099667084998001,0.0394215346208994,0.110073633020598,0.364916045587577,0.0531442972018761,0.183590310223976,0.0391071569081537,0.0312540848102253,0.0300440186994915,"L6"
6,7,"L6",4,"L6",3,0.0520844739327105,0.0126814616375554,0.000228641041319979,0.249655421362087,0.0496232709971347,0.34855232202673,0.0804361491897952,0.12791696969751,0.0364579976445436,0.000228641041319979,0.0421346514292937,"L6"
6,8,"L5",11,"Astro",5,0.145682623798877,0.0499136060912597,0.000483683843839818,0.10246599523223,0.194447379043589,0.133642987454557,0.0650571363167973,0.0350862074366448,0.0385240720026725,0.178527525383086,0.0561687833964463,"L5"
6,9,"L5",6,"Astro",4,0.131399866988752,0.0309358386856938,0.000245690342955051,0.000225796200691927,0.436817298958784,0.119735919957033,0.0126975412905274,0.159150021469029,0.0244592112676433,0.0243479461275563,0.0599848687113339,"L5"
7,1,"HPC",2,"Astro",2,0.134283200505557,0.047244732198862,0.138294833920836,0.000152435946631229,0.0402931235782454,0.000152435946631223,0.0143861295808483,0.371357892992609,0.0257915603499815,0.162766696728838,0.0652769582509606,"Pvalb"
7,10,"L5",6,"Astro",4,0.10911020036335,0.0316945493837942,0.0241742278251732,0.286267939641861,0.236673636373624,0.0940178066026238,0.0245482385462199,0.0451986010920305,0.0372578382994986,0.0598741311755998,0.0511828306962253,"L4"
7,11,"L4",9,"L4",4,0.133191411525325,0.032303974823231,0.000152743806564195,0.441346383354998,0.121601312460813,0.0294498412255919,0.0417721183484228,0.107097964213322,0.0225984333633922,0.0252707493522911,0.0452150675260481,"L4"
7,12,"L4",9,"L4",4,0.128437328062021,0.0128535971705349,0.000231134215162544,0.398168477014902,0.0652647113288362,0.0431675379669813,0.0699148425819779,0.0870460097321404,0.0358002720794036,0.111896939625889,0.0472191502221513,"L4"
7,13,"L4",8,"L2/3",2,0.0857312330112291,0.029141668603697,0.303303432124494,0.192532811644894,0.0896594563211864,0.101989817027269,0.0299870819628949,0.0796383848563525,0.0190483462648728,0.0301612359548193,0.0388065322282914,"L2/3"
7,14,"L2/3",6,"L2/3",4,0.100025062859107,0.0606851018496802,0.254363456572306,0.23757466875709,0.000342230427018176,0.0380703604111615,0.0535820834771439,0.130858864743418,0.0260661941656614,0.0384052279945297,0.0600267487428839,"L2/3"
7,15,"L2/3",8,"L2/3",3,0.131554127213243,0.0298114668582419,0.159275651321309,0.0594819648742107,0.111830833299474,0.151991164561207,0.0168503746386097,0.218733614115793,0.0419601698649217,0.0180325328038455,0.0604781004491445,"Pvalb"
7,16,"L2/3",10,"L2/3",4,0.142740200107623,0.0387499918424064,0.280106075543493,0.128652020260924,0.0370282814985963,0.0391811328569857,0.018429927105854,0.0614593237893947,0.049057856871703,0.138017542268807,0.0665776478542135,"L2/3"
7,17,"L2/3",6,"L2/3",4,0.121949576797043,0.0337650657427645,0.223620517081518,0.195556793012689,0.000328644805720678,0.145570889513861,0.0165525821322118,0.099317696450001,0.0307536317567311,0.0463881357739206,0.0861964669335387,"L2/3"
7,18,"L1",1,"L6",1,0.0763171698488319,0.199829991552181,0.162032984537429,0.147196912024424,0.000354603717193124,0.000354603717193121,0.0606249338999942,0.228401594237893,0.0402882621941487,0.000354603717193124,0.0842443405535191,"Pvalb"
7,2,"HPC",8,"Astro",3,0.330749907149581,0.00851487966315679,0.048813216759449,0.00849802437204014,0.16563231534321,0.00511056116122895,0.182810099557446,0.0805897342942021,0.0298185949804394,0.0645467639930983,0.0749159027261491,"Astro"
7,3,"I_CC",6,"Oligo",2,0.127471867604847,0.0305214786702218,0.000304481588571024,0.109034892468335,0.0733239113988835,0.010694765367088,0.374769544272386,0.19421704526584,0.020152356768441,0.000304481588571024,0.0592051750068163,"Oligo"
7,4,"I_CC",4,"L6",2,0.0630355541459489,0.0619413294018677,0.000346687399489139,0.100134761650222,0.0595030701356399,0.38931680865022,0.115620012878132,0.0601491790033151,0.0459924454534269,0.0698319163144199,0.0341282349673193,"L6"
7,5,"I_CC",11,"L6",3,0.0661175660322159,0.0258271611156215,0.000281747275251203,0.116962370360465,0.110301758681444,0.431432334880542,0.0650168840101124,0.0684668078439584,0.0437984832063117,0.0436057777830381,0.0281891088110393,"L6"
7,6,"L6",8,"L6",2,0.0990003544060373,0.016332579722014,0.0291495839787415,0.112025651424244,0.0187573882306273,0.521418986881225,0.0239883203193419,0.0986624444903225,0.0352149222187859,0.00620113487599244,0.0392486334526685,"L6"
7,7,"L6",8,"L6",3,0.0832700903439728,0.0327726639957163,0.018842359742554,0.10193334572991,0.0399316591941523,0.498955488341504,0.038623244104941,0.0669559960084857,0.0388672888944786,0.0429335334695417,0.0369143301747436,"L6"
7,8,"L5",7,"Endo",5,0.112796273543322,0.0478106046114619,0.000242710102629511,0.00024271010262951,0.395141053311376,0.0229222091716341,0.0981882278120211,0.119306398404966,0.0160817939438643,0.131283055379535,0.0559849636165597,"L5"
7,9,"L5",6,"Pvalb",4,0.0814219811335931,0.023324215960973,0.118559723535078,0.000221486585812138,0.368131400928926,0.000342041020140298,0.0454668440093454,0.248398072993268,0.0264816487937727,0.0296379978085231,0.0580145872305687,"L5"
8,1,"HPC",4,"Astro",4,0.118550938374721,0.0319046270515051,0.0543385847353208,0.00977568815696322,0.138044895084301,0.0581469348813816,0.0730794634798406,0.0874308474848018,0.0321039442253355,0.289544420831138,0.107079655694691,"Sst"
8,10,"L5",3,"L4",2,0.122294456679381,0.0101737617078195,0.000213862098252619,0.320364650614604,0.242573342829653,0.0984165715588998,0.00874192693058539,0.0747469780597259,0.0284975270030469,0.0408388239385334,0.0531380985794977,"L4"
8,11,"L4",9,"L4",4,0.138825970765031,0.0295903803881605,0.0196721520785285,0.41957535422592,0.120511009149812,0.0138459548830309,0.0296304200030628,0.12473092384908,0.0351917392351517,0.0337928464354967,0.0346332489867255,"L4"
8,12,"L4",12,"L4",3,0.0869697245874197,0.0255710210604077,0.074740156186664,0.521040832270686,0.000133105768691374,0.0867877380351431,0.0285049710584821,0.0631941738344586,0.0348681907520113,0.0343481059415887,0.0438419805044468,"L4"
8,13,"L4",13,"Astro",5,0.128551024093422,0.0235794497734906,0.199946813661215,0.214459770983839,0.0307487422903074,0.124248543461136,0.0215581029813387,0.144610308555451,0.0366892614604042,0.0311123342312978,0.0444956485080981,"L4"
8,14,"L2/3",11,"L2/3",3,0.110355494803458,0.0265043509036827,0.31477986214817,0.139307608549828,0.0844676161403626,0.0845643573045917,0.0289973378422325,0.0456405826384884,0.0508401890332257,0.0495271935262251,0.0650154071097359,"L2/3"
8,15,"L2/3",6,"L2/3",2,0.116032550416848,0.0359358996851849,0.354610094914528,0.138859237001861,0.000240129893267412,0.123558332941233,0.0195482969132155,0.0616666710792431,0.0297606608042645,0.0427631883964632,0.0770249379538913,"L2/3"
8,16,"L2/3",8,"L2/3",3,0.158823074813745,0.0386871284689409,0.405602435046207,0.0625704886434334,0.0252473695012857,0.0865033323288554,0.0149824320704436,0.0899106695870312,0.0358319248696489,0.016334411142388,0.0655067335280205,"L2/3"
8,17,"L2/3",3,"L2/3",2,0.0931439254520781,0.091553767336686,0.32263578841835,0.000244029913367564,0.0205370527961538,0.209090443967041,0.0203100343553959,0.0664044000358644,0.045260818476011,0.0633592411383862,0.067460498110666,"L2/3"
8,18,"L1",1,"Endo",1,0.276098361738587,0.135801871023738,0.000164702105520244,0.128753288326083,0.000164702105520242,0.24644410529723,0.000164702105520243,0.029128024934046,0.0460519035935528,0.0651286399367128,0.0720996988334898,"Astro"
8,19,"L1",5,"Smc",2,0.351245657263668,0.082574908305108,0.000297939218121842,0.144431211325449,0.0659214334314573,0.0240306736709302,0.0766243540959153,0.0576005738404691,0.0586574456737046,0.0315177579462949,0.107098045228882,"Astro"
8,2,"HPC",4,"Astro",2,0.165580270505874,0.0563936661102505,0.0299508686986472,0.0235854011113107,0.212012690675719,0.000412925630740742,0.314403410102596,0.0481147975355912,0.0242750348737104,0.0351505784876809,0.0901203562678793,"Oligo"
8,3,"I_CC",11,"Oligo",1,0.0735787371631893,0.036523052392308,0.0400275858245934,0.0354278492013543,0.0680468171822768,0.0692375561598153,0.432138270150705,0.117748568335554,0.0418191144231148,0.0420156594361903,0.0434367897308989,"Oligo"
8,4,"I_CC",5,"L6",4,0.175615588011641,0.0217068970608362,0.000489551219475521,0.106265853019729,0.136453634537361,0.257351078343595,0.122904871332039,0.0430635728850892,0.0316395329676214,0.0414684206480979,0.063040999974515,"L6"
8,5,"I_CC",12,"L6",3,0.0892692214106945,0.0338187362667414,0.00293419896949174,0.0942173770601689,0.108698552589478,0.359986933733336,0.0301990918830733,0.176201125245155,0.034845930095529,0.0304659337241009,0.0393628990222314,"L6"
8,6,"L6",10,"L6",3,0.0749159111306797,0.0311708055385448,0.00888696965997906,0.000207146271807837,0.101985245561754,0.526602838764734,0.0318344313340547,0.0993880580707066,0.0348324797457193,0.058428033368537,0.0317480805534835,"L6"
8,7,"L6",7,"L6",4,0.11253428260556,0.0260421855792291,0.00022820356533862,0.179708862768598,0.0404835130634439,0.396259460714693,0.0346308469468564,0.0745220771408706,0.0443197330272579,0.0506823310531914,0.0405885035349617,"L6"
8,8,"L6",5,"L5",4,0.0872088529526673,0.0361169374547734,0.026643913230689,0.0002080778310707,0.25902402515446,0.235962371473951,0.0329384128895685,0.26922645706311,0.0267794277069188,0.0164246555452589,0.00946686869753157,"Pvalb"
8,9,"L5",6,"L5",3,0.0717430891220888,0.0135051016549525,0.000157576834232944,0.000186149372964021,0.409161904371708,0.102256142110691,0.0385773321541755,0.26214161224173,0.0314573711005184,0.0353760687972967,0.0354376522396416,"L5"
9,1,"HPC",3,"Oligo",2,0.267303951151046,0.072022434904454,0.0421675195650734,0.000416080082431499,0.150751794580825,0.000416080082431501,0.181976697845808,0.107716478976975,0.0377091737351625,0.077708422728825,0.0618113663469684,"Astro"
9,10,"L5",5,"L4",2,0.066761064022389,0.0386941160336123,0.000307227730118159,0.261171962728738,0.24133434567439,0.134612334712929,0.0149651669985174,0.147361462329314,0.0306873811651053,0.0365388499971527,0.0275660886077339,"L4"
9,11,"L5",5,"L4",2,0.104549322581754,0.0175881156111877,0.127164819730131,0.482571679405165,0.0593056761710315,0.000112905410363726,0.0160267541524394,0.0823359547415355,0.0545996660061299,0.0236982197026948,0.032046886487568,"L4"
9,12,"L4",5,"L4",4,0.131997121542916,0.0220117711946414,0.0942593743042787,0.341383482546426,0.0931225841377126,0.000218375508803008,0.0539641410275731,0.0796021300691381,0.0440689800361691,0.0956569265729898,0.043715113059352,"L4"
9,13,"L4",7,"L4",4,0.101930609251164,0.0204098922840516,0.205462033698263,0.283041947012359,0.0592254982438074,0.122680269396328,0.0203510037519969,0.101131712615342,0.0283901879990773,0.0213083249732808,0.0360685207743296,"L4"
9,14,"L2/3",4,"L2/3",3,0.117140910670715,0.00888867323888813,0.372372612556282,0.208029056081815,0.0173449035562433,0.0995197873134568,0.00667260952687505,0.0259133985289399,0.033643300283261,0.0732408544997515,0.037233893743772,"L2/3"
9,15,"L2/3",5,"L2/3",3,0.141754606343859,0.0449484661443553,0.192464474987104,0.149611295465827,0.000468069066064651,0.185965056970283,0.00750656908981114,0.057318833729089,0.0606709290708912,0.109488092465905,0.0498036066668103,"L2/3"
9,16,"L2/3",3,"L2/3",1,0.0541536280902273,0.0513533031235458,0.350848775081422,0.114639727967585,0.0535857336008089,0.0775643324803259,0.0275208391331986,0.162736104517993,0.053831467534915,0.0274093132774689,0.0263567751925095,"L2/3"
9,17,"L2/3",7,"L2/3",3,0.119927121378936,0.0484713378562305,0.44543196546852,0.000292749496044035,0.0534349189668467,0.0833797649118589,0.0146079258003777,0.10360668456546,0.0404590839449499,0.034612837789302,0.0557756098214753,"L2/3"
9,18,"L1",2,"Astro",2,0.264147245356627,0.202660815172669,0.000249395846385554,0.0912380327392508,0.0739299525089599,0.000249395846385552,0.021705764401578,0.0527945694882893,0.030990165837144,0.103757237341452,0.158277425461259,"Astro"
9,19,"L1",6,"Smc",2,0.231548493656675,0.100496490761078,0.000464494620960104,0.0461194295265174,0.27302817838634,0.000464494620960103,0.0609134773083298,0.100698528171079,0.0620465781166767,0.057828309359201,0.0663915254721826,"L5"
9,2,"HPC",3,"Oligo",1,0.211156650365652,0.0289503531194671,0.0620000325037107,0.0275456932161239,0.0999215627983783,0.000303218916028058,0.325934241542704,0.151888403206745,0.0788644823628384,0.0131321430523253,0.000303218916028059,"Oligo"
9,3,"I_CC",7,"Oligo",1,0.0558535087522134,0.0299254506335431,0.0570580115839981,0.00642570356922505,0.158899071568603,0.000309975372259128,0.447615628353151,0.0975082726032773,0.0403525641368805,0.0680522053129829,0.0379996081138672,"Oligo"
9,4,"I_CC",5,"L6",2,0.0796745206630301,0.049467190608465,0.000347259792262603,0.0236817834094184,0.0224494120451153,0.547771876900439,0.107443663275934,0.0659424640970718,0.0250838813712368,0.0554433751255889,0.0226945727114372,"L6"
9,5,"L6",6,"L6",2,0.0626751485143619,0.0139095089418022,0.000213924828234633,0.0515716685280701,0.141712820191153,0.369541915601145,0.0259001181814371,0.184088859713173,0.0488619641288332,0.0300621350968114,0.0714619362749779,"L6"
9,6,"L6",8,"L6",1,0.0633670907830506,0.0204199697180132,0.00625824121709635,0.0400423506853341,0.213938698569309,0.466124086218412,0.024665675614535,0.0500097667509178,0.0358996180189826,0.0455203648942664,0.0337541375300839,"L6"
9,7,"L6",2,"L5",1,0.113038870980014,0.0250873944485169,0.111610872781362,0.14661965590985,0.108940335687788,0.119005427495056,0.0105263280689457,0.244930184219302,0.0260681300060808,0.042594758352507,0.0515780420505775,"Pvalb"
9,8,"L5",4,"Astro",2,0.199466520879353,0.0335446422027552,0.000160247363971537,0.0276624970832878,0.467605482777251,0.0365390139564722,0.0258332169227126,0.125886762558192,0.0241465264358386,0.000160247363971535,0.0589948424561952,"L5"
9,9,"L5",3,"Astro",3,0.164793144011144,0.0174090570677058,0.000311588027959708,0.106507968478914,0.24260203303448,0.171475130794893,0.0108321576079272,0.143770617125772,0.0390780553019925,0.0442511396439027,0.0589691089053079,"L5"
