"x","y","Layer","ID","EPL-IN","GC","M-TC","OSNs","PGC","dominant_hat"
10.857,22.897,"MCL",62,0.0376233764510904,0.371529619802474,0.543555163215234,0.000345606840782034,0.0469462336904198,"M-TC"
10.86,24.947,"MCL",70,0.0323065130906101,0.362166911495418,0.36638956196214,0.00047964788618696,0.238657365565646,"M-TC"
10.868,20.032,"GL",44,0.0734220895316665,0.105025313744348,0.240696719695717,0.0118885528166249,0.568967324211644,"PGC"
10.868,20.971,"GL",57,0.0595789837514457,0.237234188701144,0.298506574216702,0.118831109510354,0.285849143820354,"M-TC"
10.877,14.964,"ONL",207,0.0884895408066462,0.335124369025619,0.229015239383388,0.250290576272674,0.0970802745116728,"GC"
10.877,15.971,"ONL",199,0.0852068354869036,0.341559405309422,0.152203021214639,0.317938782847351,0.103091955141685,"GC"
10.877,17.97,"ONL",43,0.113386495855293,0.317314521524213,0.168768751073651,0.190791628327564,0.209738603219279,"GC"
10.892,26.911,"GL",259,0.0550112073501069,0.293412693954254,0.345291598958265,0.00978807787047231,0.296496421866902,"M-TC"
10.896,18.992,"ONL",42,0.0565028867050764,0.295341891953918,0.189328041589149,0.254084199597767,0.20474298015409,"GC"
10.899,23.91,"MCL",59,0.0227365819958397,0.296588602967753,0.592288673947616,0.000349871819034856,0.0880362692697561,"M-TC"
10.903,21.945,"MCL",58,0.0780526320313649,0.438295517583928,0.256068009798938,0.0357217586719882,0.191862081913781,"GC"
10.906,25.928,"MCL",221,0.0894454712454065,0.408303969307242,0.251730090753198,0.0605109734566815,0.190009495237471,"GC"
12.045,15.052,"ONL",206,0.0704316621347409,0.315306409835572,0.166496350171166,0.333538277540723,0.1142273003178,"OSNs"
12.064,16.067,"ONL",198,0.0861185280903553,0.311884808558741,0.169747645516874,0.255715698248258,0.176533319585771,"GC"
12.068,26.999,"MCL",261,0.0567371490532745,0.490381442812273,0.243644073089297,0.000484954330439219,0.208752380714716,"GC"
12.073,21.045,"MCL",56,0.112752792913976,0.368408618843474,0.223986158198348,0.0960412299555045,0.198811200088698,"GC"
12.074,17.04,"ONL",14,0.0569698708279314,0.220756045121127,0.177193505017131,0.179518846436431,0.36556173259738,"PGC"
12.08,19.06,"GL",39,0.0400138346954509,0.0780379308079606,0.420390025932076,0.00294976245418458,0.458608446110328,"PGC"
12.092,20.032,"MCL",41,0.100369709596166,0.224571633297282,0.370844264070613,0.0287317557316048,0.275482637304335,"M-TC"
12.115,22.986,"GCL",61,0.0846650094766315,0.860519568225992,0.0543413321036684,0.000237045096854314,0.00023704509685431,"GC"
12.121,18.058,"ONL",40,0.0642935912797228,0.12234312482471,0.172984646320948,0.136301943216391,0.504076694358229,"PGC"
12.123,25.002,"GCL",69,0.0794723008677707,0.872359891238059,0.0476903119062147,0.000238747993977663,0.000238747993977667,"GC"
12.131,21.968,"MCL",55,0.120465956835421,0.801587392750996,0.0772275719291208,0.000359539242230986,0.000359539242230978,"GC"
12.139,28.005,"GL",260,0.0590503174691183,0.246407761272037,0.363711851863739,0.00045453887248868,0.330375530522616,"M-TC"
12.153,24.01,"GCL",60,0.0799154762946098,0.819825855834672,0.0884228779570212,0.0115949568534058,0.000240833060291153,"GC"
12.211,26.031,"MCL",222,0.0752349097552203,0.856495588880417,0.0677823423089106,0.000243579527725937,0.000243579527725935,"GC"
12.973,18.014,"GL",25,0.000454767403998172,0.252108628525348,0.491997708101278,0.0917578437879026,0.163681052181473,"M-TC"
13.014,20.919,"MCL",34,0.0728618105278588,0.714613835342968,0.211820915791874,0.000351719168649275,0.000351719168649275,"GC"
13.045,17.149,"GL",15,0.0445393868781382,0.143516761128301,0.360235860805581,0.109868352062223,0.341839639125756,"M-TC"
13.048,23.951,"GCL",75,0.122998807411861,0.740477544595492,0.0722055216335889,0.063904974717772,0.000413151641286481,"GC"
13.052,25.997,"GCL",224,0.0372036994919442,0.904950468671943,0.0573558223305354,0.000245004752788841,0.000245004752788843,"GC"
13.058,22.014,"GCL",33,0.0754669095592937,0.798813212524392,0.125227513542827,0.000246182186743796,0.000246182186743798,"GC"
13.059,20.044,"MCL",27,0.0632175516914662,0.595019208021947,0.196116322249225,0.0297814622278835,0.115865455809478,"GC"
13.061,19.072,"MCL",30,0.0974976351846886,0.299931526562582,0.284615957351284,0.05913190532892,0.258822975572526,"GC"
13.067,22.915,"GCL",76,0.0630066772912814,0.751758164423772,0.115036061129632,0.0326758520968029,0.0375232450585124,"GC"
13.083,15.039,"GL",210,0.0482193023103432,0.192207036373615,0.155580689851164,0.162378597394806,0.441614374070072,"PGC"
13.087,27.961,"MCL",258,0.000463408625069601,0.488278063686085,0.218196013719813,0.0275259935073187,0.265536520461714,"GC"
13.093,16.033,"GL",200,0.0965106178736301,0.17135300432482,0.181186062787985,0.088073675370224,0.462876639643341,"PGC"
13.111,24.919,"GCL",79,0.100999995670466,0.72487028094974,0.130087085108045,0.0210244668531349,0.0230181714186146,"GC"
13.133,26.968,"MCL",255,0.118804889369948,0.75538363728865,0.125101605010639,0.000353666133377971,0.000356202197385399,"GC"
13.941,25.99,"GCL",223,0.0853221926247891,0.799462846642982,0.0857286354238405,0.0106701482936382,0.0188161770147505,"GC"
13.969,21.05,"GCL",31,0.0473906456759348,0.894844929617122,0.0572707697973788,0.000246827454782071,0.000246827454782073,"GC"
13.973,15.034,"GL",211,0.0495296795864553,0.0566294199013699,0.348092629288752,0.282853817738844,0.262894453484579,"M-TC"
13.979,26.983,"GCL",257,0.0467818529941992,0.816947758320814,0.135795891620767,0.000237248532110156,0.000237248532110151,"GC"
14.004,20.024,"MCL",29,0.0923257684546039,0.783777381170853,0.123197887250407,0.00034948156206777,0.000349481562067769,"GC"
14.008,16.038,"MCL",201,0.0792799708766569,0.416405597314597,0.270802180486686,0.0167776531277675,0.216734598194292,"GC"
14.013,19.054,"MCL",28,0.059026518888364,0.519406435776377,0.353099118068187,0.00049840835931634,0.0679695189077558,"GC"
14.014,17.063,"MCL",16,0.000515357202002246,0.350929902968408,0.262395408412412,0.0886678601073884,0.297491471309789,"GC"
14.015,14.092,"GL",219,0.128370057407386,0.310764027134353,0.190113594992732,0.0770613184763736,0.293691001989156,"GC"
14.048,22.95,"GCL",78,0.116501171219791,0.72938193442424,0.153329585287431,0.000393654534268635,0.000393654534268634,"GC"
14.05,23.965,"GCL",77,0.108854174531768,0.460758601117055,0.123690291667606,0.180038488578906,0.126658444104664,"GC"
14.058,28.995,"GL",266,0.0866135387903307,0.531439744211454,0.274693775900573,0.0379753561850215,0.0692775849126208,"GC"
14.069,21.943,"GCL",32,0.0926711184487298,0.839864934950935,0.0505430164472725,0.00329205708863901,0.0136288730644241,"GC"
14.07,18.032,"MCL",26,0.0143987445645573,0.557025894472222,0.377102226233307,0.00455947809785864,0.0469136566320545,"GC"
14.07,27.899,"MCL",256,0.0208925474292587,0.384117881256314,0.481933210272234,0.000320246695047369,0.112736114347146,"M-TC"
14.085,24.905,"GCL",80,0.0674344483447913,0.857013911855889,0.0745502988489279,0.000639763602052572,0.000361577348338676,"GC"
15.001,16.014,"MCL",203,0.0739877570753892,0.688045535014495,0.237278636522222,0.000344035693946685,0.000344035693946685,"GC"
15.009,22.966,"GCL",73,0.0498593432942243,0.841885006335254,0.107498144479365,0.000378752945578206,0.000378752945578206,"GC"
15.011,17.051,"GCL",17,0.0959113366501744,0.88885297409868,0.0147676206990205,0.000234034276062788,0.000234034276062789,"GC"
15.019,18.024,"GCL",21,0.113059126909227,0.837428330564953,0.0490296381182435,0.000242938366923493,0.000239966040653537,"GC"
15.026,15.004,"MCL",208,0.0611492314500573,0.418184202412479,0.311191367814886,0.053181621330551,0.156293576992027,"GC"
15.033,24.886,"GCL",81,0.0561360134406758,0.658249478823444,0.115852041418698,0.131905112118874,0.0378573541983087,"GC"
15.035,27.891,"MCL",254,0.0870439150494596,0.794175286754209,0.118266029321033,0.000236406778656344,0.000278362096641726,"GC"
15.037,28.942,"GL",268,0.0896895819773716,0.54513270668896,0.237623480388035,0.00734575898527011,0.120208471960364,"GC"
15.042,14.003,"GL",217,0.0389358205015966,0.162444756735866,0.271054438833719,0.13827316063088,0.389291823297938,"PGC"
15.051,21.998,"GCL",37,0.0890233735776237,0.723756675624953,0.0888616448075242,0.0311132312545767,0.0672450747353225,"GC"
15.063,19.016,"GCL",20,0.0501768189047898,0.90786349290748,0.0414824852630278,0.000238601462351489,0.000238601462351493,"GC"
15.065,25.942,"GCL",225,0.14275348341356,0.770102747737319,0.0768607636749123,0.00991332715302564,0.000369678021182286,"GC"
15.073,23.973,"GCL",74,0.0551599088375728,0.755022558787852,0.113758111108278,0.075700946336261,0.000358474930036615,"GC"
15.076,19.996,"GCL",19,0.18092832957821,0.629355540894825,0.170600166294862,0.0185849567250261,0.000531006507077436,"GC"
15.084,21.071,"GCL",36,0.0725296291451189,0.599514566290189,0.11093928074383,0.0714999865664544,0.145516537254408,"GC"
15.102,26.951,"GCL",253,0.070361750380481,0.841398891287408,0.08753508067689,0.000352138827610552,0.000352138827610545,"GC"
15.89,21.016,"GCL",35,0.0899196128447742,0.840227258729486,0.0693736472304581,0.000239740597640892,0.000239740597640902,"GC"
15.893,20.047,"GCL",23,0.0544733581200264,0.832429308067608,0.112374736481104,0.000361298665630832,0.000361298665630829,"GC"
15.908,15.036,"MCL",209,0.141543259819931,0.263092349287506,0.277320959840111,0.137685095346878,0.180358335705574,"M-TC"
15.932,18,"GCL",22,0.118310937348556,0.797293168129303,0.0624451032934498,0.0216031451490922,0.000347646079599008,"GC"
15.936,19.021,"GCL",24,0.123851578472981,0.776905506692011,0.0985065451932461,0.000366190657647644,0.00037017898411403,"GC"
15.942,26.943,"GCL",251,0.0875581827110234,0.839615018038065,0.072324843811603,0.000233324431898242,0.000268631007410869,"GC"
15.949,22.955,"GCL",71,0.0745325410198263,0.830936619118833,0.0940439755691323,0.000243432146104308,0.000243432146104313,"GC"
15.953,24.959,"GCL",82,0.117235502122771,0.705732855933568,0.146663247683778,0.0300185727750385,0.000349821484844595,"GC"
15.954,25.936,"GCL",226,0.0716931090644757,0.828211035853632,0.0811479509038878,0.0185547265168859,0.000393177661118477,"GC"
15.956,16.001,"GCL",202,0.111328462906497,0.820129276855979,0.0680561259495944,0.00024306714396499,0.000243067143964984,"GC"
15.956,28.912,"GL",267,0.0298536624252141,0.415564011805739,0.276703255690116,0.000462191230063797,0.277416878848868,"GC"
15.96,13.988,"GL",218,0.106911305821469,0.076293409789723,0.247510636028913,0.170904154520041,0.398380493839855,"PGC"
15.98,23.961,"GCL",72,0.090587355205455,0.775485414249973,0.101593399532896,0.0319614401884737,0.000372390823201785,"GC"
15.996,22.102,"GCL",38,0.0923614517057613,0.718764850074954,0.146386611289192,0.0421153767488589,0.000371710181233429,"GC"
16.002,27.941,"MCL",252,0.0673571297829412,0.631637424780383,0.300303835657145,0.000348160957196988,0.000353448822333751,"GC"
16.003,17.048,"GCL",18,0.0867397626861049,0.797133072861794,0.102757528522827,0.0130037122991874,0.00036592363008685,"GC"
16.869,23.909,"MCL",168,0.0216023330344827,0.291938022136529,0.606326899511486,0.00034657666470068,0.079786168652802,"M-TC"
16.918,16.996,NA,NA,0.0167375496337999,0.925784334156416,0.0570174693762389,0.000230323416772562,0.000230323416772565,"GC"
16.927,15.977,"MCL",187,0.00050322867174937,0.426494448143501,0.507092044829475,0.0202997532715522,0.0456105250837218,"M-TC"
16.93,22.932,"MCL",166,0.060990926727001,0.254004356111006,0.30368158784779,0.187357179676486,0.193965949637717,"M-TC"
16.965,22.101,"MCL",157,0.0923435411025711,0.249399056900052,0.412549301367145,0.077005974420546,0.168702126209686,"M-TC"
16.969,28.883,"GL",269,0.0592839838015938,0.342280581733943,0.303194982364404,0.0604265439690606,0.234813908130999,"GC"
16.981,20.987,"MCL",156,0.0904071273966978,0.247020920599349,0.450102951523525,0.119756306096528,0.0927126943839008,"M-TC"
16.981,26.937,"MCL",262,0.0541198010901388,0.518914730703047,0.426261987888905,0.000351740158954941,0.000351740158954941,"GC"
16.987,17.981,"MCL",149,0.0586649178783175,0.614636656715774,0.326002905711981,0.000347759846963533,0.000347759846963536,"GC"
16.987,18.995,"MCL",152,0.0764723600083026,0.303762052040927,0.517945350222742,0.0139006482671138,0.0879195894609154,"M-TC"
16.988,24.905,"MCL",170,0.0268866974407746,0.484988826048807,0.475205449573692,0.000356024384935957,0.01256300255179,"GC"
16.996,25.92,"GCL",232,0.126708398355308,0.718394747285146,0.147797215017415,0.00024485703176871,0.0068547823103629,"GC"
16.996,27.901,"MCL",265,0.101579402574876,0.257309026596605,0.379263822654648,0.0572270631522315,0.20462068502164,"M-TC"
17.002,15.002,"MCL",204,0.036200258001211,0.222278935734657,0.531695363873722,0.000478572936635522,0.209346869453775,"M-TC"
17.028,19.984,"MCL",150,0.0277462907003137,0.279750070566032,0.418344859560766,0.153495448765223,0.120663330407666,"M-TC"
17.956,18.006,"GL",151,0.0796090809506062,0.10774718854674,0.42803801260061,0.000321567211992935,0.384284150690051,"M-TC"
17.969,15.026,"GL",205,0.010717754037874,0.165461506828109,0.168850075636895,0.144021176378016,0.510949487119106,"PGC"
17.976,19,"GL",153,0.0854496029812961,0.15079380104972,0.293485799237464,0.059162844152176,0.411107952579343,"PGC"
17.98,25.935,"MCL",233,0.0150724433752455,0.257538496124732,0.358085656945972,0.0495673094245886,0.319736094129462,"M-TC"
17.983,13.979,"ONL",216,0.121668580201038,0.0738653546283638,0.141868226897279,0.500105223066702,0.162492615206617,"OSNs"
17.988,21.045,"GL",155,0.0750216355098879,0.0553294316632964,0.230406264441152,0.000310033865741564,0.638932634519923,"PGC"
17.994,15.992,"GL",186,0.0599286251295669,0.0635409623047529,0.403771162628449,0.0248296899360605,0.447929560001171,"PGC"
18.004,26.964,"MCL",264,0.047241707030407,0.190159447881614,0.495390328924918,0.0178989368996749,0.249309579263387,"M-TC"
18.017,17.034,"GL",1,0.0846723251508942,0.161544038758412,0.224445217636445,0.160327271875802,0.369011146578447,"PGC"
18.033,24.967,"GL",171,0.0693661064996149,0.262941383476288,0.439634205848329,0.0718310662097773,0.156227237965991,"M-TC"
18.038,27.974,"GL",263,0.130060344105837,0.0705584646365875,0.205170014288944,0.00030914268687326,0.593902034281759,"PGC"
18.068,22.018,"GL",154,0.076905777908213,0.0805861690167576,0.1959985196019,0.0391907133890339,0.607318820084095,"PGC"
18.126,23.926,"GL",169,0.084305962804034,0.0124509278299096,0.321173750579012,0.000312040601933622,0.581757318185111,"PGC"
18.155,22.881,"GL",167,0.0330234399862809,0.111015837992379,0.320154017486445,0.0761597991636922,0.459646905371203,"PGC"
18.904,15.986,"ONL",188,0.0957988769191434,0.283543516771641,0.182852438564845,0.336506782627884,0.101298385116487,"OSNs"
18.957,18.977,"ONL",146,0.0932517161462526,0.24428552088847,0.166996693656145,0.344711914331461,0.150754154977672,"OSNs"
18.97,26.953,"GL",273,0.166660527219591,0.27189638071012,0.161649214559814,0.132561524024769,0.267232353485706,"GC"
18.978,20.047,"ONL",145,0.0958971503097124,0.245068875322053,0.273141164214101,0.103380966340482,0.28251184381365,"PGC"
18.979,17.065,"ONL",3,0.0652393690158863,0.183750985106877,0.160023281834697,0.506559522182588,0.0844268418599513,"OSNs"
18.98,21.065,"ONL",159,0.118129510686077,0.349650003179944,0.208960396483317,0.167615451749299,0.155644637901363,"GC"
18.984,22.881,"ONL",165,0.0705050446268651,0.226238922627704,0.194732274654891,0.263283910184199,0.245239847906341,"OSNs"
18.997,24.953,"GL",172,0.115263809093457,0.161593139651392,0.281760087865233,0.0724320326927577,0.36895093069716,"PGC"
19.032,21.982,"ONL",158,0.118028791262553,0.279698111715945,0.201419970632043,0.192681658722727,0.208171467666733,"GC"
19.037,17.976,"ONL",143,0.0623286147426459,0.212240115748049,0.127409744136401,0.389690220288432,0.208331305084473,"OSNs"
19.039,23.982,"ONL",164,0.0876828480367102,0.307635231943265,0.188518217749827,0.157153886593081,0.259009815677117,"GC"
19.04,25.9,"GL",234,0.071914144190707,0.181691726313807,0.240698276549198,0.0687089210302156,0.436986931916073,"PGC"
19.993,18.035,"ONL",147,0.0601565588513324,0.346871334333828,0.108675042456602,0.473497526973074,0.0107995373851631,"OSNs"
20.045,25.924,"GL",235,0.049575346768351,0.31167347684153,0.224168930534996,0.131253080402755,0.283329165452368,"GC"
20.051,20.007,"ONL",144,0.0534133953061332,0.336545560323213,0.168176942869441,0.296630603276169,0.145233498225044,"GC"
20.053,21.979,"ONL",161,0.0787280611314698,0.204600628346741,0.108849684772444,0.222233090594559,0.385588535154786,"PGC"
20.062,19,"ONL",148,0.106553074124,0.302643867800992,0.117988217380876,0.382769870080599,0.0900449706135336,"OSNs"
20.072,20.997,"ONL",160,0.0583599930888984,0.224959297600393,0.168929577701753,0.237848996850848,0.309902134758107,"PGC"
20.075,17.059,"ONL",2,0.0438440331290998,0.352584636250136,0.199116245333419,0.332689407363655,0.0717656779236911,"GC"
20.078,22.838,"ONL",162,0.0479223931018073,0.172629496678812,0.127056569122408,0.299347041585744,0.353044499511229,"PGC"
20.085,15.949,"ONL",189,0.0524290410737582,0.277123486897441,0.157118327801511,0.362887886629285,0.150441257598005,"OSNs"
20.094,24.903,"ONL",173,0.0320954813961243,0.259782843925315,0.146530765491447,0.11090024026714,0.450690668919974,"PGC"
20.111,23.889,"GL",163,0.066438413572435,0.192301091412743,0.129353461866783,0.158890995524104,0.453016037623935,"PGC"
20.899,17.015,"GL",5,0.116856242320199,0.316131947928896,0.23961752892238,0.0396776004475692,0.287716680380956,"GC"
20.923,23.871,"GL",178,0.0209274427937211,0.189068764430695,0.42371393064317,0.0270130416201705,0.339276820512244,"M-TC"
20.929,20.972,"GL",135,0.0320625350270309,0.117442862706711,0.391160068911782,0.000306062792062558,0.459028470562413,"PGC"
20.933,15.956,"ONL",191,0.00250971338826902,0.285850786855448,0.176846760228473,0.244975056971561,0.28981768255625,"PGC"
20.96,18.968,"GL",134,0.0823919175126353,0.329459270055801,0.301495983626318,0.000688110274586039,0.28596471853066,"GC"
20.97,17.974,"GL",131,0.0605233075641229,0.296965832889155,0.39366210636412,0.00457202659699499,0.244276726585606,"M-TC"
20.973,26.907,"GL",272,0.0423426288722309,0.0483258787778856,0.127297829808831,0.0186861871561871,0.763347475384865,"PGC"
20.975,20.036,"GL",130,0.0477813049262648,0.302314691097642,0.402419240171619,0.000462584626161531,0.247022179178312,"M-TC"
20.999,25.892,"GL",236,0.0699591227789369,0.16241303773343,0.281753507173009,0.000450400243909025,0.485423932070715,"PGC"
21.006,21.941,"GL",137,0.000448028086194949,0.222208988179845,0.347683132293422,0.000441615704711068,0.429218235735827,"PGC"
21.011,22.796,"GL",181,0.0369006750341145,0.178477590672529,0.409466597713957,0.000465515390119578,0.37468962118928,"M-TC"
21.016,24.87,"GL",182,0.000483914820952755,0.257895587224804,0.56538028874494,0.000483914820952754,0.175756294388351,"M-TC"
21.901,15.95,"GL",190,0.0193313240635974,0.0951141436727517,0.379806141681686,0.069080804379134,0.436667586202831,"PGC"
21.908,14.979,"GL",214,0.0262825202935941,0.179273686262749,0.163866494592066,0.0708127904631505,0.55976450838844,"PGC"
21.919,17.952,"MCL",129,0.0700398173953131,0.630919880932589,0.298379738798071,0.000330281437013567,0.000330281437013567,"GC"
21.933,21.931,"MCL",136,0.000544831550458715,0.287073426806983,0.616320303663591,0.000347344912150536,0.0957140930668161,"M-TC"
21.934,18.934,"MCL",132,0.060333744872642,0.665325710635822,0.273605479857867,0.000342055565544727,0.000393009068123349,"GC"
21.937,16.967,"MCL",4,0.0549929534261041,0.431540484949236,0.436403320769585,0.0303044314765206,0.0467588093785544,"M-TC"
21.938,23.891,"MCL",179,0.0827807752187439,0.567827406550721,0.341456182883955,0.000359699298550013,0.00757593604802949,"GC"
21.945,25.895,"MCL",237,0.0229613060582596,0.694622153723673,0.271482046504087,0.000239025427707066,0.0106954682862741,"GC"
21.949,22.839,"MCL",180,0.000481199017860612,0.381715685711119,0.438508354248702,0.0837396617152513,0.095555099307067,"M-TC"
21.956,19.964,"MCL",133,0.0635539411537307,0.428240821687807,0.507488079122804,0.000358579017829413,0.000358579017829413,"M-TC"
21.956,24.877,"MCL",183,0.00784324408975376,0.483546669479385,0.468888082936778,0.000344687037560189,0.0393773164565227,"GC"
21.971,27.883,"GL",243,0.0495902152608509,0.261800831935268,0.256852349817252,0.000466117518276445,0.431290485468352,"PGC"
21.976,20.925,"MCL",138,0.0294330416934845,0.49923021973421,0.34211862977559,0.0142625582902427,0.114955550506473,"GC"
21.992,26.873,"MCL",244,0.0478913487843401,0.513894131387252,0.229912582400189,0.0125001713725899,0.195801766055629,"GC"
23.1,19.036,"GCL",124,0.0780956873476729,0.677935578085507,0.112995821674118,0.130570865184005,0.00040204770869684,"GC"
23.114,18.019,"GCL",128,0.105283115124378,0.784038222458136,0.0851527490284253,0.0247746390864207,0.000751274302639763,"GC"
23.115,21.019,"GCL",140,0.0491885609471726,0.87797099741325,0.0723386409107193,0.000250900364428988,0.000250900364428984,"GC"
23.122,17.085,"GCL",7,0.0404101229020012,0.906074882764381,0.053058447382012,0.00022827347580286,0.000228273475802854,"GC"
23.132,16.038,"MCL",192,0.0993797025345561,0.306147537194342,0.272590545056154,0.176211196508687,0.14567101870626,"GC"
23.151,15.033,"GL",212,0.090603524093126,0.119596447087115,0.323048753729038,0.00177218160461068,0.46497909348611,"PGC"
23.156,22.013,"GCL",141,0.0414239679879292,0.888939610069966,0.0691361756053088,0.000245804359640944,0.000254441977155264,"GC"
23.159,20.027,"GCL",123,0.0349768918748861,0.830002544717701,0.0973102939230607,0.0373147211810818,0.00039554830327045,"GC"
23.176,22.999,"GCL",174,0.0286092872413414,0.901493707996164,0.0684095542641468,0.00124509048469012,0.000242360013657608,"GC"
23.182,23.977,"GCL",177,0.0464432852208451,0.843137401688597,0.109919646275566,0.000242164860330552,0.000257501954661691,"GC"
23.217,27.926,"MCL",240,0.0453991801083884,0.513351511435095,0.206518396728689,0.053095281944688,0.181635629783139,"GC"
23.227,24.938,"GCL",184,0.0463970249410103,0.857497087312567,0.0724604435325785,0.00802811140594093,0.0156173328079032,"GC"
23.245,26.014,"GCL",239,0.0569830794744969,0.790273286054387,0.0869635951615957,0.0130803517036995,0.0526996876058209,"GC"
24.036,25.953,"GCL",238,0.051827207492637,0.864849479430292,0.0828187120044954,0.000252300536287762,0.000252300536287762,"GC"
24.059,16.02,"MCL",193,0.0647840439514473,0.350740036093597,0.350784037373733,0.106161116840822,0.127530765740401,"M-TC"
24.092,15.02,"GL",213,0.0315423966843696,0.00192789925331106,0.218765173645849,0.0482616550746478,0.699502875341822,"PGC"
24.096,20.049,"GCL",127,0.0194053807788511,0.890198110987281,0.0899163641006886,0.000240072066589581,0.000240072066589581,"GC"
24.1,22.013,"GCL",139,0.094703837879732,0.840289380908954,0.0524870969019088,0.0121712416076245,0.000348442701780453,"GC"
24.112,22.904,"GCL",175,0.0397960755299064,0.567806762540972,0.0988542886315147,0.0477467080270423,0.245796165270564,"GC"
24.114,28.955,"GL",275,0.10070488264179,0.255685393567584,0.219573914629598,0.00713478459904656,0.416901024561982,"PGC"
24.115,23.954,"GCL",176,0.06069231508489,0.714848612510145,0.111179483917345,0.0293589079901422,0.083920680497478,"GC"
24.121,17.055,"MCL",6,0.101165611037565,0.504767983079626,0.393357145466972,0.000354630207918898,0.000354630207918897,"GC"
24.122,18.025,"GCL",126,0.114810073621765,0.810683657172313,0.0740169578413943,0.000244655682264039,0.000244655682264039,"GC"
24.124,19.029,"GCL",125,0.0620109736461683,0.805758680575993,0.11721039975715,0.0146715440106829,0.000348402010006223,"GC"
24.13,21.008,"GCL",142,0.0886693230994006,0.795974395151092,0.0874373840855136,0.0275631789268403,0.000355718737153633,"GC"
24.133,26.965,"GCL",242,0.0882480875379958,0.826856636524432,0.0843798970172526,0.000242471905191039,0.000272907015129137,"GC"
24.171,27.919,"MCL",241,0.0758101570507881,0.518041238308612,0.307546805828837,0.0676926211129843,0.0309091776987794,"GC"
24.213,24.842,"GCL",185,0.0530534531846383,0.880666735380811,0.0617458342605881,0.0042908657069304,0.000243111467032306,"GC"
25.013,24.806,"GCL",116,0.0631293256797869,0.828882419572942,0.103441793277196,0.0043015017940922,0.00024495967598284,"GC"
25.04,21.01,"MCL",103,0.0481655319769903,0.392838420752439,0.464612782355584,0.0167661193620493,0.0776171455529379,"M-TC"
25.044,18.022,"MCL",98,0.114601072005014,0.218120768221947,0.259175214284499,0.212336254688967,0.195766690799573,"M-TC"
25.055,21.994,"GCL",101,0.0412732839683958,0.895878132531414,0.0623794382704151,0.000234572614887659,0.000234572614887654,"GC"
25.06,19.024,"MCL",94,0.0978685337882713,0.210412760137177,0.349087935982675,0.267058563596958,0.0755722064949183,"M-TC"
25.062,20.007,"MCL",95,0.0689255598152731,0.184409911407828,0.365417548759387,0.208759893614022,0.17248708640349,"M-TC"
25.068,16.996,"MCL",8,0.0689678194665262,0.257179844789137,0.507904905547513,0.0530767040261243,0.112870726170699,"M-TC"
25.068,27.858,"MCL",249,0.109854627486545,0.358716201289637,0.305464749349151,0.0637644062246565,0.16220001565001,"GC"
25.075,16.007,"GL",195,0.0327498581181521,0.109155035610475,0.387720251213371,0.0540309490660054,0.416343905991996,"PGC"
25.077,15.02,"ONL",215,0.129465657484534,0.209040320071905,0.174904339378573,0.166450983792068,0.32013869927292,"PGC"
25.105,26.949,"MCL",247,0.0314777064228804,0.226821090392223,0.592528267009271,0.000357465731095161,0.148815470444531,"M-TC"
25.107,22.896,"GCL",114,0.0462907917306176,0.823987409281007,0.12899102301249,0.000359552752631696,0.000371223223253838,"GC"
25.117,25.95,"GCL",227,0.0281909553988946,0.926749680582314,0.0445853499742961,0.000237007022247562,0.00023700702224755,"GC"
25.119,23.921,"GCL",115,0.0655827982123648,0.828807533033993,0.0892515237877709,0.0159883612052155,0.000369783760655765,"GC"
25.134,28.934,"GL",276,0.155464050623933,0.223444894245892,0.144686005180234,0.000466976549435746,0.475938073400505,"PGC"
26.027,20.023,"GL",96,0.0566623726458943,0.0707173748188633,0.358133553257864,0.0761079604624692,0.438378738814909,"PGC"
26.03,23.935,"GCL",112,0.0586239612235378,0.874887531551851,0.065999815746482,0.000244345739064807,0.000244345739064813,"GC"
26.035,16.991,"GL",9,0.0866830713348899,0.0525294618354341,0.228657828887852,0.230616730526669,0.401512907415155,"PGC"
26.04,26.933,"MCL",250,0.067143411653577,0.348540383727213,0.339590964433423,0.125822155857605,0.118903084328182,"GC"
26.042,15.983,"ONL",194,0.0676125136780288,0.151664667371148,0.186056653044611,0.191976131232637,0.402690034673576,"PGC"
26.064,17.981,"GL",97,0.0942513865137117,0.0111611355242266,0.176145814916693,0.156729440427148,0.561712222618221,"PGC"
26.071,18.994,"GL",99,0.109476395666874,0.0832617054228266,0.108856089218444,0.137446291578484,0.560959518113372,"PGC"
26.072,22.884,"GCL",113,0.109725254980413,0.845235716640399,0.0445466997755579,0.000246164301815179,0.00024616430181518,"GC"
26.076,20.965,"MCL",102,0.083737339871793,0.226945275397192,0.251738030297054,0.208484916189068,0.229094438244894,"M-TC"
26.095,27.828,"GL",248,0.099054711597149,0.173782226634392,0.277062238437502,0.0155199748861372,0.43458084844482,"PGC"
26.096,25.912,"MCL",228,0.0273759343858583,0.302461344108812,0.617791282708965,0.000337676583618135,0.0520337622127466,"M-TC"
26.111,21.979,"MCL",100,0.0246711029976661,0.276993594837179,0.639484907189345,0.00281332896511395,0.0560370660106957,"M-TC"
26.159,24.845,"GCL",117,0.0349085011887106,0.853477184564084,0.111129209510104,0.000242552368550631,0.000242552368550632,"GC"
26.98,18.983,"ONL",89,0.0850562095483683,0.141026023488518,0.164857822104893,0.384527630226121,0.2245323146321,"OSNs"
26.984,25.925,"MCL",229,0.118994202967501,0.193071409740366,0.245987838716279,0.204378767486199,0.237567781089655,"M-TC"
26.987,16.997,"ONL",10,0.05176839196256,0.179702939234702,0.203507989745709,0.490282563097978,0.0747381159590505,"OSNs"
26.991,21.958,"MCL",106,0.0934624579621961,0.186402040217292,0.319507530476077,0.206395327480463,0.194232643863972,"M-TC"
26.992,15.973,"ONL",196,0.103689096538653,0.177389208502754,0.198520887848864,0.343495596429829,0.176905210679901,"OSNs"
26.993,17.966,"ONL",90,0.156684696338956,0.150307712167893,0.131270417867619,0.458048016970238,0.103689156655294,"OSNs"
26.993,23.896,"MCL",111,0.0129794624443018,0.276046621516976,0.569298618199542,0.000337163830472137,0.141338134008708,"M-TC"
27.011,20.052,"GL",88,0.0916880646979926,0.000274063154944016,0.0815929993612138,0.191368888548232,0.635075984237617,"PGC"
27.012,22.908,"MCL",110,0.0374601104856643,0.250005948847161,0.527244583951962,0.0660482396630906,0.119241117052122,"M-TC"
27.013,27.885,"MCL",246,0.0906652683843309,0.165362719897951,0.225909280175219,0.126357353244718,0.391705378297782,"PGC"
27.017,26.917,"GL",245,0.000320122469976026,0.176940170059315,0.416039845223704,0.000319949077533943,0.406379913169471,"M-TC"
27.031,24.865,"MCL",119,0.0352576178116092,0.256057103737978,0.53533524493195,0.0707631969637034,0.10258683655476,"M-TC"
27.038,20.951,"GL",105,0.0977949453525855,0.056000396221119,0.236000842465275,0.262373533834118,0.347830282126902,"PGC"
27.93,26.89,"GL",274,0.0770017000601375,0.196234528990405,0.127032829227135,0.0896980669586188,0.510032874763704,"PGC"
27.937,20.97,"ONL",104,0.107046580117768,0.000645514072640295,0.162986183267646,0.200293293445999,0.529028429095946,"PGC"
27.948,16.969,"ONL",11,0.077710521712849,0.116735760780627,0.19952358736106,0.436491243321434,0.16953888682403,"OSNs"
27.963,25.91,"GL",230,0.0829498440079834,0.212516569655971,0.303962330768977,0.0326751701796912,0.367896085387377,"PGC"
27.97,21.947,"GL",107,0.103458009986511,0.0903484663384059,0.187643835247229,0.170936052127346,0.447613636300509,"PGC"
27.976,24.882,"GL",118,0.0895100227192487,0.201512634513335,0.291886605261244,0.0721071001522296,0.344983637353942,"PGC"
27.977,22.897,"GL",108,0.0515754016971092,0.100814804516428,0.518498164872806,0.010920845521615,0.318190783392041,"M-TC"
27.979,17.991,"ONL",91,0.109460199126896,0.113569662937861,0.134739404415507,0.476449127548049,0.165781605971687,"OSNs"
27.995,20.017,"ONL",93,0.0800519217961043,0.0603590235427949,0.095969249386962,0.564438728830566,0.199181076443573,"OSNs"
28,23.902,"MCL",109,0.0344614090826988,0.134027936078765,0.394115922609949,0.10582524098488,0.331569491243708,"M-TC"
28.011,18.987,"ONL",92,0.0753476188580409,0.27190024999136,0.150113943903582,0.40490770380504,0.097730483441977,"OSNs"
28.951,25.907,"GL",231,0.0713331316159856,0.379633913120856,0.313058871030116,0.0974621623724556,0.138511921860587,"GC"
28.971,20.971,"ONL",86,0.110096703339588,0.0594750242999486,0.140042673282301,0.402996011168787,0.287389587909374,"OSNs"
28.98,23.89,"GL",120,0.102837265503939,0.189290693682208,0.142243953245756,0.0959378079204033,0.469690279647693,"PGC"
28.989,21.969,"ONL",87,0.0844664242858246,0.126352218422904,0.192859026615759,0.293141914083846,0.303180416591666,"PGC"
28.994,22.861,"GL",121,0.076020790698677,0.0206758690144505,0.178493373334177,0.184428038499326,0.54038192845337,"PGC"
29.007,24.906,"GL",122,0.136207875272678,0.18511258209163,0.174011897044871,0.130756296874786,0.373911348716035,"PGC"
29.042,20.088,"ONL",85,0.11401716509191,0.20291852309753,0.165799863369561,0.39721549150392,0.120048956937079,"OSNs"
29.058,18.046,"ONL",83,0.0870982298503382,0.27551287630414,0.20141783491664,0.321707022175678,0.114264036753205,"OSNs"
29.077,18.972,"ONL",84,0.131351787760288,0.0785505607031831,0.154795644154011,0.507109129706548,0.128192877675971,"OSNs"
29.961,18.97,"ONL",277,0.163581767223502,0.20709212237849,0.209872826303499,0.255303696894247,0.164149587200263,"OSNs"
7.962,22.994,"GL",271,0.0975383890285605,0.297229565032482,0.334055246293134,0.0350809652565011,0.236095834389323,"M-TC"
9.004,17.028,"ONL",13,0.178215372484304,0.168070145059491,0.190517997505296,0.27366303494748,0.189533450003429,"OSNs"
9.018,20.048,"ONL",48,0.109419315700861,0.287728860591309,0.20665839803346,0.139988478701562,0.256204946972808,"GC"
9.023,19.044,"ONL",47,0.111743092309394,0.332837707131201,0.215039748122048,0.260921975708139,0.0794574767292179,"GC"
9.03,23.949,"GL",63,0.0778239519578054,0.273333984170727,0.270263892634477,0.000462218460728392,0.378115952776262,"PGC"
9.049,18.018,"ONL",50,0.0766031798812518,0.367718629672578,0.214583096710911,0.219897570694914,0.121197523040346,"GC"
9.056,22.94,"GL",64,0.0758881578964183,0.0844784809376691,0.239282470774379,0.0659256531502868,0.534425237241247,"PGC"
9.059,22.014,"GL",54,0.109537418162369,0.130592767772986,0.200766593285294,0.116628343855783,0.442474876923568,"PGC"
9.068,20.979,"ONL",51,0.135075028257279,0.0864751862867277,0.186298465622007,0.148218707287154,0.443932612546832,"PGC"
9.074,24.935,"GL",67,0.0645991731677129,0.332412133854464,0.179486845068881,0.0141196450232419,0.4093822028857,"PGC"
9.868,17.084,"ONL",12,0.138574725576471,0.251994572302144,0.171237169550993,0.292211989289558,0.145981543280834,"OSNs"
9.885,15.988,"ONL",197,0.135113131104064,0.298766123102046,0.179929910106388,0.293981256073039,0.0922095796144635,"GC"
9.899,17.997,"ONL",49,0.105627424578366,0.277238288128627,0.202787511202494,0.248828354951657,0.165518421138855,"GC"
9.906,20.97,"GL",52,0.103720170214084,0.200323610408254,0.24604800203326,0.0878065488574189,0.362101668486984,"PGC"
9.918,18.981,"ONL",46,0.0714473041795677,0.364289845803343,0.202100248174647,0.185434702357623,0.176727899484819,"GC"
9.92,26.907,"GL",270,0.107869269234581,0.457553272118734,0.202821772494241,0.032641149616229,0.199114536536215,"GC"
9.938,25.924,"GL",220,0.0398732634275214,0.188770779540802,0.229830726379573,0.00493851715968906,0.536586713492415,"PGC"
9.951,24.909,"GL",68,0.0190222684826456,0.238900893399313,0.399984539267752,0.000473851986813606,0.341618446863476,"M-TC"
9.959,20.044,"ONL",45,0.00824479413864502,0.230969588424976,0.243037516632913,0.17186628311067,0.345881817692795,"PGC"
9.966,21.951,"GL",53,0.117467417441779,0.248080645330268,0.474003067311196,0.000515627431627772,0.159933242485129,"M-TC"
9.966,23.953,"GL",65,0.0461984232126298,0.448433264117202,0.348619258672931,0.017903994515496,0.138845059481741,"GC"
9.999,22.935,"MCL",66,0.0695106931977927,0.383600066273101,0.310212182986464,0.000706119875626394,0.235970937667016,"GC"
